{
    "CollisionInfo": {
        "attribute": 4,
        "mask": 3
    },
    "EmitterColor": {
        "End": {
            "Max": [
                0.13333334028720856,
                0.6509804129600525,
                0.125490203499794,
                1.0
            ],
            "Min": [
                0.1725490242242813,
                0.7607843279838562,
                0.1764705926179886,
                1.0
            ]
        },
        "Start": {
            "Max": [
                0.13333334028720856,
                0.6509804129600525,
                0.125490203499794,
                1.0
            ],
            "Min": [
                0.1725490242242813,
                0.7607843279838562,
                0.1764705926179886,
                1.0
            ]
        },
        "isStaticColor": 1
    },
    "EmitterFrequency": {
        "emitterLife": 0,
        "interval": 0,
        "isLoop": 1,
        "isOnce": 1
    },
    "EmitterLocalTransform": {
        "translate": [
            0.0,
            0.0,
            0.0
        ]
    },
    "EmitterTrails": {},
    "EmitterTranslate": {
        "attraction": 0.009999999776482582,
        "isEasing": 1,
        "radius": 1.0
    },
    "NumCreate": 1,
    "Parent": {
        "isParent": 1
    },
    "ParticleLifeSpan": {
        "Max": 1,
        "Min": 1,
        "isEmitterLife": 1
    },
    "ParticleLifeTime": {
        "Max": 1,
        "Min": 1
    },
    "RotateAnimation": {
        "initializeAngle": {
            "Max": 0.0,
            "Min": 0.0
        },
        "rotate": 0.0,
        "rotateSpeed": {
            "Max": 0.0,
            "Min": 0.0
        }
    },
    "ScaleAnimation": {
        "End": {
            "Max": [
                0.10000000149011612,
                0.10000000149011612,
                0.10000000149011612
            ],
            "Min": [
                0.10000000149011612,
                0.10000000149011612,
                0.10000000149011612
            ]
        },
        "Start": {
            "Max": [
                0.10000000149011612,
                0.10000000149011612,
                0.10000000149011612
            ],
            "Min": [
                0.10000000149011612,
                0.10000000149011612,
                0.10000000149011612
            ]
        },
        "isStaticSize": 1,
        "isUniformScale": 1
    },
    "Velocity3D": {
        "Max": [
            0.0,
            0.0,
            0.0
        ],
        "Min": [
            0.0,
            0.0,
            0.0
        ]
    },
    "createParticleNum": 1,
    "textureIndex": "Resources/Images/GPUParticle.png"
}
