{
    "CollisionInfo": {
        "attribute": 8,
        "mask": 1
    },
    "EmitterColor": {
        "End": {
            "Max": [
                0.0,
                0.10000000149011612,
                1.0,
                0.5
            ],
            "Min": [
                0.0,
                0.009999999776482582,
                1.0,
                0.5
            ]
        },
        "Start": {
            "Max": [
                0.5,
                0.800000011920929,
                0.5,
                1.0
            ],
            "Min": [
                0.5,
                0.800000011920929,
                0.5,
                1.0
            ]
        }
    },
    "NumCreate": 3,
    "ParticleLifeTime": {
        "Max": 10,
        "Min": 3
    },
    "RotateAnimation": {
        "rotate": 0.0
    },
    "ScaleAnimation": {
        "End": {
            "Max": [
                0.009999999776482582,
                0.009999999776482582,
                0.009999999776482582
            ],
            "Min": [
                0.009999999776482582,
                0.009999999776482582,
                0.009999999776482582
            ]
        },
        "Start": {
            "Max": [
                0.009999999776482582,
                0.009999999776482582,
                0.009999999776482582
            ],
            "Min": [
                0.009999999776482582,
                0.009999999776482582,
                0.009999999776482582
            ]
        }
    },
    "Velocity3D": {
        "Max": [
            0.0,
            0.0,
            0.0
        ],
        "Min": [
            0.0,
            0.0,
            0.0
        ]
    },
    "textureIndex": 23
}
