{
    "CollisionInfo": {
        "attribute": 1,
        "mask": 8
    },
    "EmitterColor": {
        "End": {
            "Max": [
                0.039753805845975876,
                0.05108093097805977,
                0.15302491188049316,
                0.5
            ],
            "Min": [
                0.05398846045136452,
                0.02730461210012436,
                0.15658360719680786,
                0.5
            ]
        },
        "Start": {
            "Max": [
                0.6227757930755615,
                0.1573561578989029,
                0.544930100440979,
                1.0
            ],
            "Min": [
                0.15802925825119019,
                0.03761350363492966,
                0.1957295536994934,
                1.0
            ]
        }
    },
    "NumCreate": 3,
    "ParticleLifeTime": {
        "Max": 10,
        "Min": 3
    },
    "RotateAnimation": {
        "rotate": 0.0
    },
    "ScaleAnimation": {
        "End": {
            "Max": [
                0.009999999776482582,
                0.009999999776482582,
                0.009999999776482582
            ],
            "Min": [
                0.009999999776482582,
                0.009999999776482582,
                0.009999999776482582
            ]
        },
        "Start": {
            "Max": [
                0.009999999776482582,
                0.009999999776482582,
                0.009999999776482582
            ],
            "Min": [
                0.009999999776482582,
                0.009999999776482582,
                0.009999999776482582
            ]
        }
    },
    "Velocity3D": {
        "Max": [
            0.0,
            0.0,
            0.0
        ],
        "Min": [
            0.0,
            0.0,
            0.0
        ]
    },
    "textureIndex": "Resources/Images/GPUParticle.png"
}
