{
    "CollisionInfo": {
        "attribute": 4,
        "mask": 3
    },
    "EmitterArea": {
        "EmitterAABB": {
            "Max": [
                0.0,
                0.0,
                0.0
            ],
            "Min": [
                0.0,
                0.0,
                0.0
            ],
            "position": [
                0.0,
                0.0,
                0.0
            ]
        },
        "EmitterCapsule": {
            "EmitterSegment": {
                "end": [
                    0.0,
                    0.0,
                    0.0
                ],
                "start": [
                    0.0,
                    0.0,
                    0.0
                ]
            },
            "distanceFactor": {
                "Max": 0.0,
                "Min": 0.0
            },
            "radius": 0.0
        },
        "EmitterSphere": {
            "distanceFactor": {
                "Max": 0.0,
                "Min": 0.0
            },
            "position": [
                0.0,
                0.0,
                0.0
            ],
            "radius": 0.0
        },
        "type": 0
    },
    "EmitterColor": {
        "End": {
            "Max": [
                0.16143563389778137,
                0.6476868391036987,
                0.09450234472751617,
                1.0
            ],
            "Min": [
                0.09747850894927979,
                0.6370106935501099,
                0.2050008624792099,
                1.0
            ]
        },
        "Start": {
            "Max": [
                0.16143563389778137,
                0.6476868391036987,
                0.09450234472751617,
                1.0
            ],
            "Min": [
                0.09747850894927979,
                0.6370106935501099,
                0.2050008624792099,
                1.0
            ]
        },
        "isStaticColor": 1
    },
    "EmitterFrequency": {},
    "Parent": {},
    "ParticleLifeSpan": {
        "Max": 70,
        "Min": 1
    },
    "RotateAnimation": {
        "initializeAngle": {
            "Max": 0.0,
            "Min": 0.0
        },
        "rotateSpeed": {
            "Max": 0.0,
            "Min": 0.0
        }
    },
    "ScaleAnimation": {
        "End": {
            "Max": [
                0.10000000149011612,
                0.10000000149011612,
                0.10000000149011612
            ],
            "Min": [
                0.10000000149011612,
                0.10000000149011612,
                0.10000000149011612
            ]
        },
        "Start": {
            "Max": [
                0.10000000149011612,
                0.10000000149011612,
                0.10000000149011612
            ],
            "Min": [
                0.10000000149011612,
                0.10000000149011612,
                0.10000000149011612
            ]
        },
        "isStaticSize": 1,
        "isUniformScale": 1
    },
    "Velocity3D": {
        "Max": [
            0.0,
            0.0,
            0.0
        ],
        "Min": [
            0.0,
            0.0,
            0.0
        ]
    },
    "textureIndex": "Resources/Images/GPUParticle.png"
}
