{
    "CollisionInfo": {
        "attribute": 0,
        "mask": 0
    },
    "EmitterColor": {
        "End": {
            "Max": [
                0.918149471282959,
                0.6943126320838928,
                0.1012904942035675,
                1.0
            ],
            "Min": [
                0.7117437720298767,
                0.4088327884674072,
                0.1165132075548172,
                1.0
            ]
        },
        "Start": {
            "Max": [
                0.918149471282959,
                0.6943126320838928,
                0.1012904942035675,
                1.0
            ],
            "Min": [
                0.7117437720298767,
                0.4088327884674072,
                0.1165132075548172,
                1.0
            ]
        },
        "isStaticColor": 1
    },
    "EmitterFrequency": {
        "emitterLife": 0,
        "interval": 0,
        "isLoop": 0,
        "isOnce": 1
    },
    "EmitterTranslate": {
        "attraction": 0.07999999821186066,
        "isEasing": 1,
        "radius": 5.0
    },
    "Parent": {
        "isParent": 0
    },
    "ParticleLifeSpan": {
        "Max": 120,
        "Min": 120,
        "isEmitterLife": 0
    },
    "RotateAnimation": {
        "initializeAngle": {
            "Max": 0.0,
            "Min": 0.0
        },
        "rotateSpeed": {
            "Max": 0.0,
            "Min": 0.0
        }
    },
    "ScaleAnimation": {
        "End": {
            "Max": [
                0.10000000149011612,
                0.10000000149011612,
                0.10000000149011612
            ],
            "Min": [
                0.10000000149011612,
                0.10000000149011612,
                0.10000000149011612
            ]
        },
        "Start": {
            "Max": [
                0.10000000149011612,
                0.10000000149011612,
                0.10000000149011612
            ],
            "Min": [
                0.10000000149011612,
                0.10000000149011612,
                0.10000000149011612
            ]
        },
        "isStaticSize": 1,
        "isUniformScale": 1
    },
    "Velocity3D": {
        "Max": [
            0.20000000298023224,
            0.20000000298023224,
            0.20000000298023224
        ],
        "Min": [
            -0.20000000298023224,
            -0.20000000298023224,
            -0.20000000298023224
        ]
    },
    "textureIndex": "Resources/Images/GPUParticle.png"
}
