{
    "CollisionInfo": {
        "attribute": 0,
        "mask": 0
    },
    "EmitterArea": {
        "EmitterAABB": {
            "Max": [
                5.0,
                2.0,
                10.0
            ],
            "Min": [
                -5.0,
                -2.0,
                -10.0
            ],
            "position": [
                0.0,
                0.0,
                0.0
            ]
        },
        "EmitterCapsule": {
            "EmitterSegment": {
                "end": [
                    0.0,
                    0.0,
                    0.0
                ],
                "start": [
                    0.0,
                    0.0,
                    0.0
                ]
            },
            "distanceFactor": {
                "Max": 0.0,
                "Min": 0.0
            },
            "radius": 0.0
        },
        "EmitterSphere": {
            "distanceFactor": {
                "Max": 1.0,
                "Min": 1.0
            },
            "position": [
                0.0,
                0.0,
                0.0
            ],
            "radius": 5.0
        },
        "position": [
            0.0,
            0.0,
            0.0
        ],
        "type": 0
    },
    "EmitterColor": {
        "End": {
            "Max": [
                0.5882353186607361,
                0.7450980544090271,
                0.0941176488995552,
                1.0
            ],
            "Min": [
                0.6705882549285889,
                0.7098039388656616,
                0.11764705926179886,
                1.0
            ]
        },
        "Start": {
            "Max": [
                0.5882353186607361,
                0.7450980544090271,
                0.0941176488995552,
                1.0
            ],
            "Min": [
                0.6705882549285889,
                0.7098039388656616,
                0.11764705926179886,
                1.0
            ]
        },
        "isStaticColor": 0
    },
    "EmitterFrequency": {
        "emitterLife": 0,
        "interval": 0,
        "isLoop": 0,
        "isOnce": 1
    },
    "EmitterTranslate": {
        "attraction": 0.05000000074505806,
        "isEasing": 1,
        "radius": 5.0
    },
    "Parent": {
        "isParent": 0
    },
    "ParticleLifeSpan": {
        "Max": 120,
        "Min": 120,
        "isEmitterLife": 0
    },
    "RotateAnimation": {
        "initializeAngle": {
            "Max": 0.0,
            "Min": 0.0
        },
        "rotateSpeed": {
            "Max": 0.0,
            "Min": 0.0
        }
    },
    "ScaleAnimation": {
        "End": {
            "Max": [
                0.10000000149011612,
                0.10000000149011612,
                0.10000000149011612
            ],
            "Min": [
                0.10000000149011612,
                0.10000000149011612,
                0.10000000149011612
            ]
        },
        "Start": {
            "Max": [
                0.10000000149011612,
                0.10000000149011612,
                0.10000000149011612
            ],
            "Min": [
                0.10000000149011612,
                0.10000000149011612,
                0.10000000149011612
            ]
        },
        "isStaticSize": 1,
        "isUniformScale": 1
    },
    "Velocity3D": {
        "Max": [
            0.10000000149011612,
            0.10000000149011612,
            0.10000000149011612
        ],
        "Min": [
            -0.10000000149011612,
            -0.10000000149011612,
            -0.10000000149011612
        ]
    },
    "textureIndex": "Resources/Images/GPUParticle.png"
}
