{
    "CollisionInfo": {
        "attribute": 0,
        "mask": 0
    },
    "EmitterArea": {
        "EmitterAABB": {
            "Max": [
                50.0,
                20.0,
                20.0
            ],
            "Min": [
                -50.0,
                -20.0,
                -20.0
            ],
            "position": [
                0.0,
                0.0,
                0.0
            ]
        },
        "EmitterCapsule": {
            "EmitterSegment": {
                "end": [
                    0.0,
                    0.0,
                    0.0
                ],
                "start": [
                    0.0,
                    0.0,
                    0.0
                ]
            },
            "distanceFactor": {
                "Max": 0.0,
                "Min": 0.0
            },
            "radius": 0.0
        },
        "EmitterSphere": {
            "distanceFactor": {
                "Max": 0.0,
                "Min": 0.0
            },
            "position": [
                0.0,
                0.0,
                0.0
            ],
            "radius": 0.0
        },
        "type": 0
    },
    "EmitterColor": {
        "End": {
            "Max": [
                0.12157901376485825,
                0.5693950057029724,
                0.3351283073425293,
                1.0
            ],
            "Min": [
                0.1790250837802887,
                0.44128113985061646,
                0.4272816479206085,
                1.0
            ]
        },
        "Start": {
            "Max": [
                0.12157901376485825,
                0.5693950057029724,
                0.3351283073425293,
                1.0
            ],
            "Min": [
                0.1790250837802887,
                0.44128113985061646,
                0.4272816479206085,
                1.0
            ]
        },
        "isStaticColor": 1
    },
    "ParticleLifeSpan": {
        "Max": 70,
        "Min": 30
    },
    "RotateAnimation": {
        "initializeAngle": {
            "Max": 0.0,
            "Min": 0.0
        },
        "rotateSpeed": {
            "Max": 0.0,
            "Min": 0.0
        }
    },
    "ScaleAnimation": {
        "End": {
            "Max": [
                0.10000000149011612,
                0.10000000149011612,
                0.10000000149011612
            ],
            "Min": [
                0.10000000149011612,
                0.10000000149011612,
                0.10000000149011612
            ]
        },
        "Start": {
            "Max": [
                0.10000000149011612,
                0.10000000149011612,
                0.10000000149011612
            ],
            "Min": [
                0.10000000149011612,
                0.10000000149011612,
                0.10000000149011612
            ]
        },
        "isStaticSize": 1,
        "isUniformScale": 1
    },
    "Velocity3D": {
        "Max": [
            0.0,
            0.0,
            0.0
        ],
        "Min": [
            0.0,
            0.0,
            0.0
        ]
    },
    "textureIndex": "Resources/Images/GPUParticle.png"
}
