{
    "CollisionInfo": {
        "attribute": 4,
        "mask": 3
    },
    "EmitterArea": {
        "EmitterAABB": {
            "Max": [
                0.0,
                0.0,
                0.0
            ],
            "Min": [
                0.0,
                0.0,
                0.0
            ],
            "position": [
                0.0,
                0.0,
                0.0
            ]
        },
        "EmitterCapsule": {
            "EmitterSegment": {
                "end": [
                    0.0,
                    0.0,
                    0.0
                ],
                "start": [
                    0.0,
                    0.0,
                    0.0
                ]
            },
            "distanceFactor": {
                "Max": 0.0,
                "Min": 0.0
            },
            "radius": 0.0
        },
        "EmitterSphere": {
            "distanceFactor": {
                "Max": 0.0,
                "Min": 0.0
            },
            "position": [
                0.0,
                0.0,
                0.0
            ],
            "radius": 0.0
        },
        "type": 0
    },
    "EmitterColor": {
        "End": {
            "Max": [
                0.23357923328876495,
                0.1113334372639656,
                0.5302491188049316,
                1.0
            ],
            "Min": [
                0.10283557325601578,
                0.14786161482334137,
                0.49822062253952026,
                1.0
            ]
        },
        "Start": {
            "Max": [
                0.23357923328876495,
                0.1113334372639656,
                0.5302491188049316,
                1.0
            ],
            "Min": [
                0.10283557325601578,
                0.14786161482334137,
                0.49822062253952026,
                1.0
            ]
        },
        "isStaticColor": 1
    },
    "ParticleLifeSpan": {
        "Max": 70,
        "Min": 1
    },
    "RotateAnimation": {
        "initializeAngle": {
            "Max": 0.0,
            "Min": 0.0
        },
        "rotateSpeed": {
            "Max": 0.0,
            "Min": 0.0
        }
    },
    "ScaleAnimation": {
        "End": {
            "Max": [
                0.10000000149011612,
                0.10000000149011612,
                0.10000000149011612
            ],
            "Min": [
                0.10000000149011612,
                0.10000000149011612,
                0.10000000149011612
            ]
        },
        "Start": {
            "Max": [
                0.10000000149011612,
                0.10000000149011612,
                0.10000000149011612
            ],
            "Min": [
                0.10000000149011612,
                0.10000000149011612,
                0.10000000149011612
            ]
        },
        "isStaticSize": 1,
        "isUniformScale": 1
    },
    "Velocity3D": {
        "Max": [
            0.0,
            0.0,
            0.0
        ],
        "Min": [
            0.0,
            0.0,
            0.0
        ]
    },
    "textureIndex": "Resources/Images/GPUParticle.png"
}
