{
    "CollisionInfo": {
        "attribute": 4,
        "mask": 19
    },
    "EmitterArea": {
        "EmitterAABB": {
            "Max": [
                0.0,
                0.0,
                0.0
            ],
            "Min": [
                0.0,
                0.0,
                0.0
            ],
            "position": [
                0.0,
                0.0,
                0.0
            ]
        },
        "EmitterCapsule": {
            "EmitterSegment": {
                "end": [
                    0.0,
                    0.0,
                    0.0
                ],
                "start": [
                    0.0,
                    0.0,
                    0.0
                ]
            },
            "distanceFactor": {
                "Max": 0.0,
                "Min": 0.0
            },
            "radius": 0.0
        },
        "EmitterSphere": {
            "distanceFactor": {
                "Max": 0.0,
                "Min": 0.0
            },
            "position": [
                0.0,
                0.0,
                0.0
            ],
            "radius": 0.0
        },
        "type": 0
    },
    "EmitterColor": {
        "End": {
            "Max": [
                0.0712502971291542,
                0.6903914213180542,
                0.10209719091653824,
                1.0
            ],
            "Min": [
                0.16400501132011414,
                0.6227757930755615,
                0.1966577172279358,
                1.0
            ]
        },
        "Start": {
            "Max": [
                0.0712502971291542,
                0.6903914213180542,
                0.10209719091653824,
                1.0
            ],
            "Min": [
                0.16400501132011414,
                0.6227757930755615,
                0.1966577172279358,
                1.0
            ]
        },
        "isStaticColor": 0
    },
    "EmitterFrequency": {
        "emitterLife": 0,
        "interval": 0,
        "isLoop": 0,
        "isOnce": 1
    },
    "EmitterTrails": {},
    "EmitterTranslate": {
        "attraction": 0.03999999910593033,
        "isEasing": 1,
        "radius": 5.0
    },
    "Parent": {
        "isParent": 0
    },
    "ParticleLifeSpan": {
        "Max": 60,
        "Min": 60,
        "isCountDown": 0,
        "isEmitterLife": 0
    },
    "RotateAnimation": {
        "initializeAngle": {
            "Max": 0.0,
            "Min": 0.0
        },
        "rotateSpeed": {
            "Max": 0.0,
            "Min": 0.0
        }
    },
    "ScaleAnimation": {
        "End": {
            "Max": [
                0.10000000149011612,
                0.10000000149011612,
                0.10000000149011612
            ],
            "Min": [
                0.10000000149011612,
                0.10000000149011612,
                0.10000000149011612
            ]
        },
        "Start": {
            "Max": [
                0.10000000149011612,
                0.10000000149011612,
                0.10000000149011612
            ],
            "Min": [
                0.10000000149011612,
                0.10000000149011612,
                0.10000000149011612
            ]
        },
        "isStaticSize": 1,
        "isUniformScale": 1
    },
    "Velocity3D": {
        "Max": [
            0.05000000074505806,
            0.05000000074505806,
            0.05000000074505806
        ],
        "Min": [
            -0.05000000074505806,
            -0.05000000074505806,
            -0.05000000074505806
        ]
    },
    "textureIndex": "Resources/Images/GPUParticle.png"
}
