{
    "CollisionInfo": {
        "attribute": 0,
        "mask": 0
    },
    "EmitterColor": {
        "End": {
            "Max": [
                1.0,
                1.0,
                1.0,
                1.0
            ],
            "Min": [
                1.0,
                1.0,
                1.0,
                1.0
            ]
        },
        "Start": {
            "Max": [
                1.0,
                1.0,
                1.0,
                1.0
            ],
            "Min": [
                1.0,
                1.0,
                1.0,
                1.0
            ]
        },
        "isStaticColor": 0
    },
    "EmitterFrequency": {
        "emitterLife": 0,
        "interval": 0,
        "isLoop": 1,
        "isOnce": 1
    },
    "EmitterTranslate": {
        "attraction": 0.03999999910593033,
        "isEasing": 1,
        "radius": 5.0
    },
    "Parent": {
        "isParent": 0
    },
    "ParticleLifeSpan": {
        "Max": 0,
        "Min": 0,
        "isEmitterLife": 1
    },
    "RotateAnimation": {
        "initializeAngle": {
            "Max": 0.0,
            "Min": 0.0
        },
        "rotateSpeed": {
            "Max": 0.0,
            "Min": 0.0
        }
    },
    "ScaleAnimation": {
        "End": {
            "Max": [
                0.009999999776482582,
                0.009999999776482582,
                0.009999999776482582
            ],
            "Min": [
                0.009999999776482582,
                0.009999999776482582,
                0.009999999776482582
            ]
        },
        "Start": {
            "Max": [
                0.10000000149011612,
                0.10000000149011612,
                0.10000000149011612
            ],
            "Min": [
                0.10000000149011612,
                0.10000000149011612,
                0.10000000149011612
            ]
        },
        "isStaticSize": 0,
        "isUniformScale": 1
    },
    "Velocity3D": {
        "Max": [
            0.0,
            0.0,
            0.0
        ],
        "Min": [
            0.0,
            0.0,
            0.0
        ]
    },
    "textureIndex": "Resources/Images/GPUParticle.png"
}
