{
    "CollisionInfo": {
        "attribute": 0,
        "mask": 0
    },
    "EmitterColor": {
        "End": {
            "Max": [
                0.4693261682987213,
                0.5266903638839722,
                0.1518217772245407,
                1.0
            ],
            "Min": [
                0.6014235019683838,
                0.5870126485824585,
                0.2332923859357834,
                1.0
            ]
        },
        "Start": {
            "Max": [
                0.0784313753247261,
                0.25882354378700256,
                0.07450980693101883,
                1.0
            ],
            "Min": [
                0.07058823853731155,
                0.40392157435417175,
                0.07450980693101883,
                1.0
            ]
        },
        "isStaticColor": 0
    },
    "EmitterFrequency": {
        "emitterLife": 0,
        "interval": 0,
        "isLoop": 0,
        "isOnce": 1
    },
    "EmitterTranslate": {
        "attraction": 0.03999999910593033,
        "radius": 5.0
    },
    "Parent": {
        "isParent": 0
    },
    "ParticleLifeSpan": {
        "Max": 60,
        "Min": 60,
        "isEmitterLife": 0
    },
    "RotateAnimation": {
        "initializeAngle": {
            "Max": 0.0,
            "Min": 0.0
        },
        "rotateSpeed": {
            "Max": 0.0,
            "Min": 0.0
        }
    },
    "ScaleAnimation": {
        "End": {
            "Max": [
                0.10000000149011612,
                0.10000000149011612,
                0.10000000149011612
            ],
            "Min": [
                0.10000000149011612,
                0.10000000149011612,
                0.10000000149011612
            ]
        },
        "Start": {
            "Max": [
                0.10000000149011612,
                0.10000000149011612,
                0.10000000149011612
            ],
            "Min": [
                0.10000000149011612,
                0.10000000149011612,
                0.10000000149011612
            ]
        },
        "isStaticSize": 1,
        "isUniformScale": 1
    },
    "Velocity3D": {
        "Max": [
            0.10000000149011612,
            0.10000000149011612,
            0.10000000149011612
        ],
        "Min": [
            -0.10000000149011612,
            -0.10000000149011612,
            -0.10000000149011612
        ]
    },
    "textureIndex": "Resources/Images/GPUParticle.png"
}
