{
    "playerAnimation": {
        "hitDamage": 120.0,
        "idle": 120.0,
        "shootingWalk": 30.0,
        "transitionCycle_": 10.0,
        "walk": 30.0
    },
    "playerProperties": {
        "gravity_": 0.009999999776482582,
        "knockBack_": 5.0,
        "shootingWalkSpeed_": 0.029999999329447746,
        "walkSpeed_": 0.10000000149011612
    }
}
