{
    "CollisionInfo": {
        "attribute": 0,
        "mask": 0
    },
    "EmitterArea": {
        "EmitterAABB": {
            "Max": [
                0.0,
                0.0,
                0.0
            ],
            "Min": [
                0.0,
                0.0,
                0.0
            ]
        },
        "EmitterCapsule": {
            "EmitterSegment": {
                "end": [
                    0.0,
                    0.0,
                    0.0
                ],
                "start": [
                    0.0,
                    0.0,
                    0.0
                ]
            },
            "distanceFactor": {
                "Max": 1.0,
                "Min": 1.0
            },
            "radius": 0.20000000298023224
        },
        "EmitterSphere": {
            "distanceFactor": {
                "Max": 0.0,
                "Min": 0.0
            },
            "radius": 0.0
        },
        "position": [
            0.0,
            0.0,
            0.0
        ],
        "type": 2
    },
    "EmitterColor": {
        "End": {
            "Max": [
                0.06490391492843628,
                0.029014315456151962,
                0.2811387777328491,
                0.2705882489681244
            ],
            "Min": [
                0.016413159668445587,
                0.04393396154046059,
                0.19217079877853394,
                0.1725490242242813
            ]
        },
        "Start": {
            "Max": [
                0.26971131563186646,
                0.04951810464262962,
                0.4092526435852051,
                1.0
            ],
            "Min": [
                0.0810653567314148,
                0.19901832938194275,
                0.6156584024429321,
                0.5647059082984924
            ]
        },
        "isStaticColor": 0
    },
    "EmitterFrequency": {
        "emitterLife": 0,
        "interval": 0,
        "isLoop": 1,
        "isOnce": 0
    },
    "EmitterTrails": {},
    "Parent": {
        "isParent": 0
    },
    "ParticleLifeSpan": {
        "Max": 60,
        "Min": 30,
        "isEmitterLife": 0
    },
    "RotateAnimation": {
        "initializeAngle": {
            "Max": 0.0,
            "Min": 0.0
        },
        "rotateSpeed": {
            "Max": 0.0,
            "Min": 0.0
        }
    },
    "ScaleAnimation": {
        "End": {
            "Max": [
                0.0,
                0.0,
                0.0
            ],
            "Min": [
                0.0,
                0.0,
                0.0
            ]
        },
        "Start": {
            "Max": [
                0.10000000149011612,
                0.10000000149011612,
                0.10000000149011612
            ],
            "Min": [
                0.05000000074505806,
                0.05000000074505806,
                0.05000000074505806
            ]
        },
        "isStaticSize": 0,
        "isUniformScale": 1
    },
    "Velocity3D": {
        "Max": [
            0.0,
            0.0,
            0.0
        ],
        "Min": [
            0.0,
            0.0,
            0.0
        ]
    },
    "createParticleNum": 1000,
    "textureIndex": "Resources/Images/GPUParticle.png"
}
