{
    "CollisionInfo": {
        "attribute": 8,
        "mask": 16
    },
    "EmitterArea": {
        "EmitterAABB": {
            "Max": [
                0.0,
                0.0,
                0.0
            ],
            "Min": [
                0.0,
                0.0,
                0.0
            ]
        },
        "EmitterCapsule": {
            "EmitterSegment": {
                "end": [
                    0.0,
                    0.0,
                    0.0
                ],
                "start": [
                    0.0,
                    0.0,
                    0.0
                ]
            },
            "distanceFactor": {
                "Max": 0.0,
                "Min": 0.0
            },
            "radius": 0.0
        },
        "EmitterSphere": {
            "distanceFactor": {
                "Max": 1.0,
                "Min": 1.0
            },
            "radius": 0.05000000074505806
        },
        "position": [
            0.0,
            0.0,
            0.0
        ],
        "type": 1
    },
    "EmitterColor": {
        "End": {
            "Max": [
                0.5284857749938965,
                0.5978647470474243,
                0.1999974548816681,
                0.4156862795352936
            ],
            "Min": [
                0.5303483605384827,
                0.5978647470474243,
                0.08510530740022659,
                0.3686274588108063
            ]
        },
        "Start": {
            "Max": [
                0.7188065052032471,
                0.7864768505096436,
                0.344258576631546,
                1.0
            ],
            "Min": [
                0.7758007049560547,
                0.7433975338935852,
                0.24019451439380646,
                1.0
            ]
        },
        "isStaticColor": 0
    },
    "EmitterFrequency": {
        "emitterLife": 0,
        "interval": 0,
        "isLoop": 1,
        "isOnce": 0
    },
    "Parent": {
        "isParent": 0
    },
    "ParticleLifeSpan": {
        "Max": 90,
        "Min": 30,
        "isEmitterLife": 0
    },
    "RotateAnimation": {
        "initializeAngle": {
            "Max": 360.0,
            "Min": 0.0
        },
        "rotateSpeed": {
            "Max": 0.0,
            "Min": 0.0
        }
    },
    "ScaleAnimation": {
        "End": {
            "Max": [
                0.0,
                0.0,
                0.0
            ],
            "Min": [
                0.0,
                0.0,
                0.0
            ]
        },
        "Start": {
            "Max": [
                0.05000000074505806,
                0.05000000074505806,
                0.05000000074505806
            ],
            "Min": [
                0.009999999776482582,
                0.009999999776482582,
                0.009999999776482582
            ]
        },
        "isStaticSize": 0,
        "isUniformScale": 1
    },
    "Velocity3D": {
        "Max": [
            0.0,
            0.0,
            0.0
        ],
        "Min": [
            0.0,
            0.0,
            0.0
        ]
    },
    "createParticleNum": 100,
    "textureIndex": "Resources/Images/GPUParticle.png"
}
