{
    "CollisionInfo": {
        "attribute": 8,
        "mask": 16
    },
    "EmitterArea": {
        "EmitterAABB": {
            "Max": [
                15.0,
                16.0,
                15.0
            ],
            "Min": [
                -15.0,
                12.0,
                -15.0
            ]
        },
        "EmitterCapsule": {
            "EmitterSegment": {
                "end": [
                    0.0,
                    0.0,
                    0.0
                ],
                "start": [
                    0.0,
                    0.0,
                    0.0
                ]
            },
            "distanceFactor": {
                "Max": 0.0,
                "Min": 0.0
            },
            "radius": 0.0
        },
        "EmitterSphere": {
            "distanceFactor": {
                "Max": 0.0,
                "Min": 0.0
            },
            "radius": 0.0
        },
        "position": [
            0.0,
            -10.0,
            0.0
        ],
        "type": 0
    },
    "EmitterColor": {
        "End": {
            "Max": [
                0.0313725508749485,
                0.007843137718737125,
                0.019607843831181526,
                0.01568627543747425
            ],
            "Min": [
                0.003921568859368563,
                0.003921568859368563,
                0.003921568859368563,
                0.01568627543747425
            ]
        },
        "Start": {
            "Max": [
                0.03529411926865578,
                0.04313725605607033,
                0.03921568766236305,
                0.1568627506494522
            ],
            "Min": [
                0.01568627543747425,
                0.007843137718737125,
                0.027450980618596077,
                0.0941176488995552
            ]
        },
        "isStaticColor": 0
    },
    "EmitterFrequency": {
        "emitterLife": 0,
        "interval": 0,
        "isLoop": 1,
        "isOnce": 0
    },
    "EmitterTrails": {},
    "Parent": {
        "isParent": 0
    },
    "ParticleLifeSpan": {
        "Max": 360,
        "Min": 120,
        "isCountDown": 0,
        "isEmitterLife": 0
    },
    "RotateAnimation": {
        "initializeAngle": {
            "Max": 360.0,
            "Min": 0.0
        },
        "rotateSpeed": {
            "Max": 1.0,
            "Min": 0.5
        }
    },
    "ScaleAnimation": {
        "End": {
            "Max": [
                0.0,
                0.0,
                0.0
            ],
            "Min": [
                0.0,
                0.0,
                0.0
            ]
        },
        "Start": {
            "Max": [
                1.0,
                1.0,
                1.0
            ],
            "Min": [
                0.5,
                0.5,
                0.5
            ]
        },
        "isStaticSize": 0,
        "isUniformScale": 1
    },
    "Velocity3D": {
        "Max": [
            0.0,
            0.0,
            0.0
        ],
        "Min": [
            0.0,
            0.0,
            0.0
        ]
    },
    "createParticleNum": 4000,
    "textureIndex": "Resources/Images/GPUParticle.png"
}
