{
    "CollisionInfo": {
        "attribute": 4,
        "mask": 2
    },
    "EmitterArea": {
        "EmitterAABB": {
            "Max": [
                0.0,
                0.0,
                0.0
            ],
            "Min": [
                0.0,
                0.0,
                0.0
            ],
            "position": [
                -431602080.0,
                -431602080.0,
                -431602080.0
            ]
        },
        "EmitterCapsule": {
            "EmitterSegment": {
                "end": [
                    -2.8479819297790527,
                    17.20159912109375,
                    9.721056938171387
                ],
                "start": [
                    -3.6368508338928223,
                    18.145572662353516,
                    6.834138870239258
                ]
            },
            "radius": 8.0
        },
        "EmitterSphere": {
            "position": [
                -431602080.0,
                -431602080.0,
                -431602080.0
            ],
            "radius": 0.0
        },
        "position": [
            0.0,
            0.0,
            0.0
        ],
        "type": 2
    },
    "EmitterColor": {
        "End": {
            "Max": [
                1.0,
                0.0,
                0.0,
                0.0
            ],
            "Min": [
                0.0,
                0.0,
                0.0,
                0.0
            ]
        },
        "Start": {
            "Max": [
                1.0,
                0.0,
                0.0,
                1.0
            ],
            "Min": [
                0.0,
                0.0,
                0.0,
                1.0
            ]
        }
    },
    "EmitterFrequency": {
        "emitterLife": 1,
        "interval": 1,
        "isLoop": 1
    },
    "ParticleLifeSpan": {
        "Max": 15,
        "Min": 5
    },
    "RotateAnimation": {
        "rotate": 0.0
    },
    "ScaleAnimation": {
        "End": {
            "Max": [
                0.0,
                0.0,
                0.0
            ],
            "Min": [
                0.0,
                0.0,
                0.0
            ]
        },
        "Start": {
            "Max": [
                1.0,
                1.0,
                1.0
            ],
            "Min": [
                1.0,
                1.0,
                1.0
            ]
        }
    },
    "Velocity3D": {
        "Max": [
            0.0,
            0.0,
            0.0
        ],
        "Min": [
            0.0,
            0.0,
            0.0
        ]
    },
    "createParticleNum": 1024,
    "textureIndex": 23
}
