{
    "CollisionInfo": {
        "attribute": 4,
        "mask": 2
    },
    "EmitterArea": {
        "EmitterAABB": {
            "Max": [
                0.0,
                0.0,
                0.0
            ],
            "Min": [
                0.0,
                0.0,
                0.0
            ],
            "position": [
                -431602080.0,
                -431602080.0,
                -431602080.0
            ]
        },
        "EmitterCapsule": {
            "EmitterSegment": {
                "end": [
                    -2.5073041915893555,
                    23.80624771118164,
                    17.011320114135742
                ],
                "start": [
                    -3.531315565109253,
                    36.836063385009766,
                    5.207447052001953
                ]
            },
            "radius": 8.0
        },
        "EmitterSphere": {
            "position": [
                -431602080.0,
                -431602080.0,
                -431602080.0
            ],
            "radius": 0.0
        },
        "position": [
            0.0,
            0.0,
            0.0
        ],
        "type": 2
    },
    "EmitterColor": {
        "End": {
            "Max": [
                0.0,
                0.0,
                0.0,
                0.0
            ],
            "Min": [
                0.0,
                0.0,
                0.0,
                0.0
            ]
        },
        "Start": {
            "Max": [
                0.12922367453575134,
                0.36298930644989014,
                0.05167108029127121,
                1.0
            ],
            "Min": [
                0.1580878496170044,
                0.6939501762390137,
                0.06914805620908737,
                1.0
            ]
        }
    },
    "EmitterFrequency": {
        "emitterLife": 1,
        "interval": 1,
        "isLoop": 1
    },
    "ParticleLifeSpan": {
        "Max": 30,
        "Min": 10
    },
    "RotateAnimation": {
        "rotate": 0.0
    },
    "ScaleAnimation": {
        "End": {
            "Max": [
                0.0,
                0.0,
                0.0
            ],
            "Min": [
                0.0,
                0.0,
                0.0
            ]
        },
        "Start": {
            "Max": [
                1.0,
                1.0,
                1.0
            ],
            "Min": [
                1.0,
                1.0,
                1.0
            ]
        }
    },
    "Velocity3D": {
        "Max": [
            0.0,
            0.0,
            0.0
        ],
        "Min": [
            0.0,
            0.0,
            0.0
        ]
    },
    "createParticleNum": 1024,
    "textureIndex": "Resources/Images/GPUParticle.png"
}
