{
    "CollisionInfo": {
        "attribute": 8,
        "mask": 16
    },
    "EmitterArea": {
        "EmitterAABB": {
            "Max": [
                0.0,
                0.0,
                0.0
            ],
            "Min": [
                0.0,
                0.0,
                0.0
            ]
        },
        "EmitterCapsule": {
            "EmitterSegment": {
                "end": [
                    0.0,
                    0.0,
                    0.0
                ],
                "start": [
                    0.0,
                    0.0,
                    0.0
                ]
            },
            "distanceFactor": {
                "Max": 0.0,
                "Min": 0.0
            },
            "radius": 0.0
        },
        "EmitterSphere": {
            "distanceFactor": {
                "Max": 1.0,
                "Min": 1.0
            },
            "radius": 10.0
        },
        "position": [
            0.0,
            0.0,
            0.0
        ],
        "type": 1
    },
    "EmitterColor": {
        "End": {
            "Max": [
                0.05146845430135727,
                0.32796257734298706,
                0.4519572854042053,
                0.10588235408067703
            ],
            "Min": [
                0.03893061354756355,
                0.12952212989330292,
                0.20640569925308228,
                0.529411792755127
            ]
        },
        "Start": {
            "Max": [
                0.14118057489395142,
                0.040045078843832016,
                0.36298930644989014,
                0.6627451181411743
            ],
            "Min": [
                0.04685857892036438,
                0.19483821094036102,
                0.6583629846572876,
                1.0
            ]
        },
        "isStaticColor": 0
    },
    "EmitterFrequency": {
        "emitterLife": 0,
        "interval": 0,
        "isLoop": 1,
        "isOnce": 0
    },
    "Parent": {
        "isParent": 0
    },
    "ParticleLifeSpan": {
        "Max": 120,
        "Min": 60,
        "isCountDown": 0,
        "isEmitterLife": 0
    },
    "RotateAnimation": {
        "initializeAngle": {
            "Max": 0.0,
            "Min": 0.0
        },
        "rotateSpeed": {
            "Max": 0.0,
            "Min": 0.0
        }
    },
    "ScaleAnimation": {
        "End": {
            "Max": [
                0.0,
                0.0,
                0.0
            ],
            "Min": [
                0.009999999776482582,
                0.009999999776482582,
                0.009999999776482582
            ]
        },
        "Start": {
            "Max": [
                0.5,
                0.5,
                0.5
            ],
            "Min": [
                1.0,
                1.0,
                1.0
            ]
        },
        "isStaticSize": 0,
        "isUniformScale": 1
    },
    "Velocity3D": {
        "Max": [
            0.20000000298023224,
            0.10000000149011612,
            0.20000000298023224
        ],
        "Min": [
            -0.20000000298023224,
            -0.10000000149011612,
            -0.20000000298023224
        ]
    },
    "createParticleNum": 200,
    "textureIndex": "Resources/Images/GPUParticle.png"
}
