{
    "CollisionInfo": {
        "attribute": 4,
        "mask": 2
    },
    "EmitterArea": {
        "EmitterAABB": {
            "Max": [
                0.0,
                0.0,
                0.0
            ],
            "Min": [
                0.0,
                0.0,
                0.0
            ],
            "position": [
                -431602080.0,
                -431602080.0,
                -431602080.0
            ]
        },
        "EmitterCapsule": {
            "EmitterSegment": {
                "end": [
                    9.51172161102295,
                    25.71886444091797,
                    18.46388053894043
                ],
                "start": [
                    12.973808288574219,
                    13.147624969482422,
                    18.365951538085938
                ]
            },
            "radius": 4.0
        },
        "EmitterSphere": {
            "position": [
                -431602080.0,
                -431602080.0,
                -431602080.0
            ],
            "radius": 0.0
        },
        "position": [
            0.0,
            0.0,
            0.0
        ],
        "type": 2
    },
    "EmitterColor": {
        "End": {
            "Max": [
                0.0,
                0.0,
                0.0,
                0.0
            ],
            "Min": [
                0.0,
                0.0,
                0.0,
                0.0
            ]
        },
        "Start": {
            "Max": [
                1.0,
                1.0,
                1.0,
                1.0
            ],
            "Min": [
                1.0,
                1.0,
                1.0,
                1.0
            ]
        }
    },
    "EmitterFrequency": {
        "emitterLife": 1,
        "interval": 1,
        "isLoop": 1
    },
    "ParticleLifeSpan": {
        "Max": 15,
        "Min": 5
    },
    "RotateAnimation": {
        "rotate": 0.0
    },
    "ScaleAnimation": {
        "End": {
            "Max": [
                0.0,
                0.0,
                0.0
            ],
            "Min": [
                0.0,
                0.0,
                0.0
            ]
        },
        "Start": {
            "Max": [
                1.0,
                1.0,
                1.0
            ],
            "Min": [
                1.0,
                1.0,
                1.0
            ]
        }
    },
    "Velocity3D": {
        "Max": [
            0.0,
            0.0,
            0.0
        ],
        "Min": [
            0.0,
            0.0,
            0.0
        ]
    },
    "createParticleNum": 1024,
    "textureIndex": 23
}
