{
    "CollisionInfo": {
        "attribute": 4,
        "mask": 2
    },
    "EmitterArea": {
        "EmitterAABB": {
            "Max": [
                0.0,
                0.0,
                0.0
            ],
            "Min": [
                0.0,
                0.0,
                0.0
            ],
            "position": [
                -431602080.0,
                -431602080.0,
                -431602080.0
            ]
        },
        "EmitterCapsule": {
            "EmitterSegment": {
                "end": [
                    2.2435293197631836,
                    22.714740753173828,
                    18.883602142333984
                ],
                "start": [
                    9.87017822265625,
                    25.313243865966797,
                    17.87677574157715
                ]
            },
            "radius": 4.0
        },
        "EmitterSphere": {
            "position": [
                -431602080.0,
                -431602080.0,
                -431602080.0
            ],
            "radius": 0.0
        },
        "position": [
            0.0,
            0.0,
            0.0
        ],
        "type": 2
    },
    "EmitterColor": {
        "End": {
            "Max": [
                0.0,
                0.0,
                0.0,
                0.0
            ],
            "Min": [
                0.0,
                0.0,
                0.0,
                0.0
            ]
        },
        "Start": {
            "Max": [
                1.0,
                1.0,
                1.0,
                1.0
            ],
            "Min": [
                1.0,
                1.0,
                1.0,
                1.0
            ]
        }
    },
    "EmitterFrequency": {
        "emitterLife": 1,
        "interval": 1,
        "isLoop": 1
    },
    "ParticleLifeSpan": {
        "Max": 15,
        "Min": 5
    },
    "RotateAnimation": {
        "rotate": 0.0
    },
    "ScaleAnimation": {
        "End": {
            "Max": [
                0.0,
                0.0,
                0.0
            ],
            "Min": [
                0.0,
                0.0,
                0.0
            ]
        },
        "Start": {
            "Max": [
                1.0,
                1.0,
                1.0
            ],
            "Min": [
                1.0,
                1.0,
                1.0
            ]
        }
    },
    "Velocity3D": {
        "Max": [
            0.0,
            0.0,
            0.0
        ],
        "Min": [
            0.0,
            0.0,
            0.0
        ]
    },
    "createParticleNum": 1024,
    "textureIndex": 23
}
