{
    "CollisionInfo": {
        "attribute": 8,
        "mask": 6
    },
    "EmitterArea": {
        "EmitterAABB": {
            "Max": [
                0.0,
                0.0,
                0.0
            ],
            "Min": [
                0.0,
                0.0,
                0.0
            ]
        },
        "EmitterCapsule": {
            "EmitterSegment": {
                "end": [
                    0.0,
                    -10.0,
                    0.0
                ],
                "start": [
                    0.0,
                    0.0,
                    0.0
                ]
            },
            "distanceFactor": {
                "Max": 1.2000000476837158,
                "Min": 0.0
            },
            "radius": 1.0
        },
        "EmitterSphere": {
            "distanceFactor": {
                "Max": 0.0,
                "Min": 0.0
            },
            "radius": 0.0
        },
        "position": [
            0.0,
            0.0,
            0.0
        ],
        "type": 2
    },
    "EmitterColor": {
        "End": {
            "Max": [
                0.20284700393676758,
                0.07940629869699478,
                0.07940629869699478,
                0.1764705926179886
            ],
            "Min": [
                0.07117438316345215,
                0.05876319482922554,
                0.05876319482922554,
                0.15294118225574493
            ]
        },
        "Start": {
            "Max": [
                0.7935943007469177,
                0.13556058704853058,
                0.13556058704853058,
                1.0
            ],
            "Min": [
                0.9395017623901367,
                0.2453073263168335,
                0.056838199496269226,
                1.0
            ]
        },
        "isStaticColor": 0
    },
    "EmitterFrequency": {
        "emitterLife": 0,
        "interval": 0,
        "isLoop": 0,
        "isOnce": 1
    },
    "EmitterTrails": {},
    "Parent": {
        "isParent": 0
    },
    "ParticleLifeSpan": {
        "Max": 60,
        "Min": 30,
        "isEmitterLife": 0
    },
    "RotateAnimation": {
        "initializeAngle": {
            "Max": 0.0,
            "Min": 0.0
        },
        "rotateSpeed": {
            "Max": 0.0,
            "Min": 0.0
        }
    },
    "ScaleAnimation": {
        "End": {
            "Max": [
                0.10000000149011612,
                0.10000000149011612,
                0.10000000149011612
            ],
            "Min": [
                0.0,
                0.0,
                0.0
            ]
        },
        "Start": {
            "Max": [
                0.30000001192092896,
                0.30000001192092896,
                0.30000001192092896
            ],
            "Min": [
                0.10000000149011612,
                0.10000000149011612,
                0.10000000149011612
            ]
        },
        "isStaticSize": 0,
        "isUniformScale": 1
    },
    "Velocity3D": {
        "Max": [
            0.0,
            0.30000001192092896,
            0.0
        ],
        "Min": [
            0.0,
            0.05000000074505806,
            0.0
        ]
    },
    "createParticleNum": 200,
    "textureIndex": "Resources/Images/GPUParticle.png"
}
