{
    "CollisionInfo": {
        "attribute": 12,
        "mask": 16
    },
    "EmitterArea": {
        "EmitterAABB": {
            "Max": [
                40.0,
                1.0,
                40.0
            ],
            "Min": [
                -40.0,
                20.0,
                -40.0
            ]
        },
        "EmitterCapsule": {
            "EmitterSegment": {
                "end": [
                    0.0,
                    0.0,
                    0.0
                ],
                "start": [
                    0.0,
                    0.0,
                    0.0
                ]
            },
            "distanceFactor": {
                "Max": 0.0,
                "Min": 0.0
            },
            "radius": 0.0
        },
        "EmitterSphere": {
            "distanceFactor": {
                "Max": 0.0,
                "Min": 0.0
            },
            "radius": 0.0
        },
        "position": [
            0.0,
            0.0,
            0.0
        ],
        "type": 0
    },
    "EmitterColor": {
        "End": {
            "Max": [
                0.501960813999176,
                0.501960813999176,
                0.501960813999176,
                0.13725490868091583
            ],
            "Min": [
                0.501960813999176,
                0.501960813999176,
                0.501960813999176,
                0.05098039284348488
            ]
        },
        "Start": {
            "Max": [
                0.3772242069244385,
                0.3772242069244385,
                0.3772242069244385,
                0.545098066329956
            ],
            "Min": [
                0.33725491166114807,
                0.33725491166114807,
                0.33725491166114807,
                0.3490196168422699
            ]
        },
        "isStaticColor": 0
    },
    "EmitterFrequency": {
        "emitterLife": 0,
        "interval": 0,
        "isLoop": 1,
        "isOnce": 0
    },
    "EmitterTrails": {},
    "Parent": {
        "isParent": 0
    },
    "ParticleLifeSpan": {
        "Max": 720,
        "Min": 480,
        "isCountDown": 1,
        "isEmitterLife": 1
    },
    "RotateAnimation": {
        "initializeAngle": {
            "Max": 360.0,
            "Min": 0.0
        },
        "rotateSpeed": {
            "Max": 1.0,
            "Min": 0.5
        }
    },
    "ScaleAnimation": {
        "End": {
            "Max": [
                0.5,
                0.5,
                0.5
            ],
            "Min": [
                0.0,
                0.0,
                0.0
            ]
        },
        "Start": {
            "Max": [
                5.0,
                5.0,
                5.0
            ],
            "Min": [
                2.5,
                2.5,
                2.5
            ]
        },
        "isStaticSize": 0,
        "isUniformScale": 1
    },
    "Velocity3D": {
        "Max": [
            0.0,
            0.0,
            0.0
        ],
        "Min": [
            0.0,
            0.0,
            0.0
        ]
    },
    "createParticleNum": 100,
    "textureIndex": "Resources/Images/smoke.png"
}
