{
    "CollisionInfo": {
        "attribute": 4,
        "mask": 0
    },
    "EmitterArea": {
        "EmitterAABB": {
            "Max": [
                5.0,
                1.0,
                15.0
            ],
            "Min": [
                -5.0,
                -1.0,
                -15.0
            ]
        },
        "EmitterCapsule": {
            "EmitterSegment": {
                "end": [
                    0.0,
                    0.0,
                    0.0
                ],
                "start": [
                    0.0,
                    0.0,
                    0.0
                ]
            },
            "distanceFactor": {
                "Max": 0.0,
                "Min": 0.0
            },
            "radius": 0.0
        },
        "EmitterSphere": {
            "distanceFactor": {
                "Max": 0.0,
                "Min": 0.0
            },
            "radius": 0.0
        },
        "position": [
            0.0,
            0.0,
            0.0
        ],
        "type": 0
    },
    "EmitterColor": {
        "End": {
            "Max": [
                0.501960813999176,
                0.501960813999176,
                0.501960813999176,
                0.13725490868091583
            ],
            "Min": [
                0.501960813999176,
                0.501960813999176,
                0.501960813999176,
                0.08235294371843338
            ]
        },
        "Start": {
            "Max": [
                0.918149471282959,
                0.918149471282959,
                0.918149471282959,
                1.0
            ],
            "Min": [
                0.501960813999176,
                0.501960813999176,
                0.501960813999176,
                0.8352941274642944
            ]
        },
        "isStaticColor": 0
    },
    "EmitterFrequency": {
        "emitterLife": 0,
        "interval": 0,
        "isLoop": 1,
        "isOnce": 0
    },
    "Parent": {
        "isParent": 0
    },
    "ParticleLifeSpan": {
        "Max": 180,
        "Min": 120,
        "isCountDown": 0,
        "isEmitterLife": 0
    },
    "RotateAnimation": {
        "initializeAngle": {
            "Max": 360.0,
            "Min": 0.0
        },
        "rotateSpeed": {
            "Max": 5.0,
            "Min": 1.0
        }
    },
    "ScaleAnimation": {
        "End": {
            "Max": [
                0.05000000074505806,
                0.05000000074505806,
                0.05000000074505806
            ],
            "Min": [
                0.03999999910593033,
                0.03999999910593033,
                0.03999999910593033
            ]
        },
        "Start": {
            "Max": [
                0.5,
                0.5,
                0.5
            ],
            "Min": [
                0.10000000149011612,
                0.10000000149011612,
                0.10000000149011612
            ]
        },
        "isStaticSize": 0,
        "isUniformScale": 1
    },
    "Velocity3D": {
        "Max": [
            0.05000000074505806,
            0.019999999552965164,
            -0.20000000298023224
        ],
        "Min": [
            -0.05000000074505806,
            0.0,
            -0.10000000149011612
        ]
    },
    "createParticleNum": 100,
    "textureIndex": "Resources/Images/smoke.png"
}
