{
    "CollisionInfo": {
        "attribute": 4,
        "mask": 2
    },
    "EmitterColor": {
        "End": {
            "Max": [
                1.0,
                1.0,
                0.0,
                0.5
            ],
            "Min": [
                1.0,
                1.0,
                0.0,
                0.5
            ]
        },
        "Start": {
            "Max": [
                1.0,
                1.0,
                0.0,
                1.0
            ],
            "Min": [
                1.0,
                1.0,
                0.0,
                1.0
            ]
        }
    },
    "ParticleLifeTime": {
        "Max": 2,
        "Min": 1
    },
    "RotateAnimation": {
        "initializeAngle": {},
        "rotate": 0.0,
        "rotateSpeed": {}
    },
    "ScaleAnimation": {
        "End": {
            "Max": [
                0.009999999776482582,
                0.009999999776482582,
                0.009999999776482582
            ],
            "Min": [
                0.009999999776482582,
                0.009999999776482582,
                0.009999999776482582
            ]
        },
        "Start": {
            "Max": [
                0.20000000298023224,
                0.20000000298023224,
                0.20000000298023224
            ],
            "Min": [
                0.20000000298023224,
                0.20000000298023224,
                0.20000000298023224
            ]
        }
    },
    "Velocity3D": {
        "Max": [
            0.0,
            0.0,
            0.0
        ],
        "Min": [
            0.0,
            0.0,
            0.0
        ]
    },
    "textureIndex": "Resources/Images/GPUParticle.png"
}
