{
    "EmitterColor": {
        "End": {
            "Max": [
                1.0,
                1.0,
                0.0,
                1.0
            ],
            "Min": [
                1.0,
                1.0,
                0.0,
                1.0
            ]
        },
        "Start": {
            "Max": [
                1.0,
                1.0,
                0.0,
                1.0
            ],
            "Min": [
                1.0,
                1.0,
                0.0,
                1.0
            ]
        }
    },
    "ParticleLifeTime": {
        "Max": 2,
        "Min": 1
    },
    "RotateAnimation": {
        "rotate": 0.0
    },
    "ScaleAnimation": {
        "End": {
            "Max": [
                0.20000000298023224,
                0.20000000298023224,
                0.20000000298023224
            ],
            "Min": [
                0.20000000298023224,
                0.20000000298023224,
                0.20000000298023224
            ]
        },
        "Start": {
            "Max": [
                0.20000000298023224,
                0.20000000298023224,
                0.20000000298023224
            ],
            "Min": [
                0.20000000298023224,
                0.20000000298023224,
                0.20000000298023224
            ]
        }
    },
    "Velocity3D": {
        "Max": [
            0.0,
            0.0,
            0.0
        ],
        "Min": [
            0.0,
            0.0,
            0.0
        ]
    },
    "textureIndex": 23
}
