{
    "CollisionInfo": {
        "attribute": 4,
        "mask": 2
    },
    "EmitterColor": {
        "End": {
            "Max": [
                1.0,
                1.0,
                0.0,
                0.5
            ],
            "Min": [
                1.0,
                1.0,
                0.0,
                0.5
            ]
        },
        "Start": {
            "Max": [
                0.07660580426454544,
                0.2597864866256714,
                0.0739605724811554,
                1.0
            ],
            "Min": [
                0.07074377685785294,
                0.4056939482688904,
                0.07312770932912827,
                1.0
            ]
        }
    },
    "ParticleLifeTime": {
        "Max": 1,
        "Min": 1
    },
    "RotateAnimation": {
        "initializeAngle": {
            "Max": 0.0,
            "Min": 0.0
        },
        "rotate": 0.0,
        "rotateSpeed": {
            "Max": 0.0,
            "Min": 0.0
        }
    },
    "ScaleAnimation": {
        "End": {
            "Max": [
                0.0,
                0.0,
                0.0
            ],
            "Min": [
                0.0,
                0.0,
                0.0
            ]
        },
        "Start": {
            "Max": [
                0.20000000298023224,
                0.20000000298023224,
                0.20000000298023224
            ],
            "Min": [
                0.05000000074505806,
                0.05000000074505806,
                0.05000000074505806
            ]
        },
        "isSame": 1
    },
    "Velocity3D": {
        "Max": [
            0.0,
            0.0,
            0.0
        ],
        "Min": [
            0.0,
            0.0,
            0.0
        ]
    },
    "textureIndex": "Resources/Images/GPUParticle.png"
}
