{
    "CollisionInfo": {
        "attribute": 4,
        "mask": 3
    },
    "EmitterColor": {
        "End": {
            "Max": [
                0.07660580426454544,
                0.2597864866256714,
                0.0739605724811554,
                1.0
            ],
            "Min": [
                0.07074377685785294,
                0.4056939482688904,
                0.07312770932912827,
                1.0
            ]
        },
        "Start": {
            "Max": [
                0.07660580426454544,
                0.2597864866256714,
                0.0739605724811554,
                1.0
            ],
            "Min": [
                0.07074377685785294,
                0.4056939482688904,
                0.07312770932912827,
                1.0
            ]
        },
        "isStaticColor": 1
    },
    "EmitterFrequency": {
        "emitterLife": 360,
        "interval": 0,
        "isLoop": 1,
        "isOnce": 1
    },
    "EmitterLocalTransform": {
        "translate": [
            0.0,
            0.0,
            0.0
        ]
    },
    "Parent": {
        "isParent": 1
    },
    "ParticleLifeSpan": {
        "Max": 1,
        "Min": 1,
        "isEmitterLife": 1
    },
    "ParticleLifeTime": {
        "Max": 1,
        "Min": 1
    },
    "RotateAnimation": {
        "initializeAngle": {
            "Max": 0.0,
            "Min": 0.0
        },
        "rotate": 0.0,
        "rotateSpeed": {
            "Max": 0.0,
            "Min": 0.0
        }
    },
    "ScaleAnimation": {
        "End": {
            "Max": [
                0.10000000149011612,
                0.10000000149011612,
                0.10000000149011612
            ],
            "Min": [
                0.10000000149011612,
                0.10000000149011612,
                0.10000000149011612
            ]
        },
        "Start": {
            "Max": [
                0.10000000149011612,
                0.10000000149011612,
                0.10000000149011612
            ],
            "Min": [
                0.10000000149011612,
                0.10000000149011612,
                0.10000000149011612
            ]
        },
        "isSame": 1,
        "isStaticSize": 1,
        "isUniformScale": 1
    },
    "Velocity3D": {
        "Max": [
            0.0,
            0.0,
            0.0
        ],
        "Min": [
            0.0,
            0.0,
            0.0
        ]
    },
    "textureIndex": "Resources/Images/GPUParticle.png"
}
