{
    "CollisionInfo": {
        "attribute": 4,
        "mask": 3
    },
    "EmitterColor": {
        "End": {
            "Max": [
                0.13263936340808868,
                0.6512455940246582,
                0.1251503825187683,
                1.0
            ],
            "Min": [
                0.17074251174926758,
                0.7615658044815063,
                0.1749475747346878,
                1.0
            ]
        },
        "Start": {
            "Max": [
                0.13263936340808868,
                0.6512455940246582,
                0.1251503825187683,
                1.0
            ],
            "Min": [
                0.17074251174926758,
                0.7615658044815063,
                0.1749475747346878,
                1.0
            ]
        },
        "isStaticColor": 1
    },
    "EmitterFrequency": {
        "emitterLife": 360,
        "interval": 0,
        "isLoop": 1,
        "isOnce": 1
    },
    "EmitterLocalTransform": {
        "translate": [
            0.0,
            0.0,
            0.0
        ]
    },
    "EmitterTrails": {},
    "EmitterTranslate": {
        "attraction": 0.0020000000949949026,
        "isEasing": 1,
        "radius": 1.0
    },
    "Parent": {
        "isParent": 1
    },
    "ParticleLifeSpan": {
        "Max": 1,
        "Min": 1,
        "isEmitterLife": 1
    },
    "ParticleLifeTime": {
        "Max": 1,
        "Min": 1
    },
    "RotateAnimation": {
        "initializeAngle": {
            "Max": 0.0,
            "Min": 0.0
        },
        "rotate": 0.0,
        "rotateSpeed": {
            "Max": 0.0,
            "Min": 0.0
        }
    },
    "ScaleAnimation": {
        "End": {
            "Max": [
                0.10000000149011612,
                0.10000000149011612,
                0.10000000149011612
            ],
            "Min": [
                0.10000000149011612,
                0.10000000149011612,
                0.10000000149011612
            ]
        },
        "Start": {
            "Max": [
                0.10000000149011612,
                0.10000000149011612,
                0.10000000149011612
            ],
            "Min": [
                0.10000000149011612,
                0.10000000149011612,
                0.10000000149011612
            ]
        },
        "isSame": 1,
        "isStaticSize": 1,
        "isUniformScale": 1
    },
    "Velocity3D": {
        "Max": [
            0.0,
            0.0,
            0.0
        ],
        "Min": [
            0.0,
            0.0,
            0.0
        ]
    },
    "textureIndex": "Resources/Images/GPUParticle.png"
}
