{
    "CollisionInfo": {
        "attribute": 0,
        "mask": 0
    },
    "EmitterColor": {
        "End": {
            "Max": [
                0.7615658044815063,
                0.7615658044815063,
                0.7615658044815063,
                1.0
            ],
            "Min": [
                0.900355875492096,
                0.900355875492096,
                0.900355875492096,
                1.0
            ]
        },
        "Start": {
            "Max": [
                0.7615658044815063,
                0.7615658044815063,
                0.7615658044815063,
                1.0
            ],
            "Min": [
                0.900355875492096,
                0.900355875492096,
                0.900355875492096,
                1.0
            ]
        },
        "isStaticColor": 1
    },
    "EmitterFrequency": {
        "emitterLife": 0,
        "interval": 0,
        "isLoop": 0,
        "isOnce": 1
    },
    "EmitterLocalTransform": {
        "translate": [
            3.0460100173950195,
            7.5528130531311035,
            22.778417587280273
        ]
    },
    "EmitterTranslate": {
        "attraction": 0.0,
        "isEasing": 0,
        "radius": 0.0
    },
    "Parent": {
        "isParent": 0
    },
    "ParticleLifeSpan": {
        "Max": 360,
        "Min": 120,
        "isEmitterLife": 0
    },
    "RotateAnimation": {
        "initializeAngle": {
            "Max": 0.0,
            "Min": 0.0
        },
        "rotateSpeed": {
            "Max": 0.0,
            "Min": 0.0
        }
    },
    "ScaleAnimation": {
        "End": {
            "Max": [
                0.0,
                0.0,
                0.0
            ],
            "Min": [
                0.0,
                0.0,
                0.0
            ]
        },
        "Start": {
            "Max": [
                0.10000000149011612,
                0.10000000149011612,
                0.10000000149011612
            ],
            "Min": [
                0.10000000149011612,
                0.10000000149011612,
                0.10000000149011612
            ]
        },
        "isStaticSize": 0,
        "isUniformScale": 1
    },
    "Velocity3D": {
        "Max": [
            0.0,
            0.0,
            0.0
        ],
        "Min": [
            0.0,
            0.0,
            0.0
        ]
    },
    "textureIndex": "Resources/Images/GPUParticle.png"
}
