{
    "CollisionInfo": {
        "attribute": 4,
        "mask": 2
    },
    "EmitterColor": {
        "End": {
            "Max": [
                0.4307076930999756,
                0.5124555230140686,
                0.16960272192955017,
                0.0
            ],
            "Min": [
                0.10638163983821869,
                0.5338078737258911,
                0.39234644174575806,
                0.0
            ]
        },
        "Start": {
            "Max": [
                0.21960784494876862,
                0.10980392247438431,
                0.5529412031173706,
                1.0
            ],
            "Min": [
                0.8274509906768799,
                0.23137255012989044,
                0.23137255012989044,
                0.9921568632125854
            ]
        }
    },
    "ParticleLifeTime": {
        "Max": 30,
        "Min": 10
    },
    "RotateAnimation": {
        "initializeAngle": {
            "Max": 0.0,
            "Min": 0.0
        },
        "rotateSpeed": {
            "Max": 0.0,
            "Min": 0.0
        }
    },
    "ScaleAnimation": {
        "End": {
            "Max": [
                0.0,
                0.0,
                0.0
            ],
            "Min": [
                0.0,
                0.0,
                0.0
            ]
        },
        "Start": {
            "Max": [
                0.10000000149011612,
                0.10000000149011612,
                0.10000000149011612
            ],
            "Min": [
                0.10000000149011612,
                0.10000000149011612,
                0.10000000149011612
            ]
        },
        "isSame": 1
    },
    "Velocity3D": {
        "Max": [
            0.0,
            0.0,
            0.0
        ],
        "Min": [
            0.0,
            0.0,
            0.0
        ]
    },
    "textureIndex": "Resources/Images/GPUParticle.png"
}
