{
    "CollisionInfo": {
        "attribute": 4,
        "mask": 2
    },
    "EmitterColor": {
        "End": {
            "Max": [
                0.4307076930999756,
                0.5124555230140686,
                0.16960272192955017,
                0.0
            ],
            "Min": [
                0.10638163983821869,
                0.5338078737258911,
                0.39234644174575806,
                0.0
            ]
        },
        "Start": {
            "Max": [
                0.0470588244497776,
                0.5137255191802979,
                0.16862745583057404,
                1.0
            ],
            "Min": [
                0.5098039507865906,
                0.18039216101169586,
                0.18039216101169586,
                1.0
            ]
        },
        "isStaticColor": 0
    },
    "EmitterFrequency": {},
    "EmitterLocalTransform": {},
    "Parent": {},
    "ParticleLifeSpan": {
        "Max": 2,
        "Min": 1
    },
    "ParticleLifeTime": {
        "Max": 60,
        "Min": 30
    },
    "RotateAnimation": {
        "initializeAngle": {
            "Max": 0.0,
            "Min": 0.0
        },
        "rotateSpeed": {
            "Max": 0.0,
            "Min": 0.0
        }
    },
    "ScaleAnimation": {
        "End": {
            "Max": [
                0.10000000149011612,
                0.10000000149011612,
                0.10000000149011612
            ],
            "Min": [
                0.10000000149011612,
                0.10000000149011612,
                0.10000000149011612
            ]
        },
        "Start": {
            "Max": [
                0.10000000149011612,
                0.10000000149011612,
                0.10000000149011612
            ],
            "Min": [
                0.10000000149011612,
                0.10000000149011612,
                0.10000000149011612
            ]
        },
        "isSame": 1,
        "isStaticSize": 1,
        "isUniformScale": 1
    },
    "Velocity3D": {
        "Max": [
            0.0,
            0.0,
            0.0
        ],
        "Min": [
            0.0,
            0.0,
            0.0
        ]
    },
    "textureIndex": "Resources/Images/GPUParticle.png"
}
