{
    "CollisionInfo": {
        "attribute": 0,
        "mask": 0
    },
    "EmitterColor": {
        "End": {
            "Max": [
                0.6797152757644653,
                0.6704614162445068,
                0.15964841842651367,
                1.0
            ],
            "Min": [
                0.4059857726097107,
                0.43772244453430176,
                0.08100202679634094,
                1.0
            ]
        },
        "Start": {
            "Max": [
                0.6797152757644653,
                0.6704614162445068,
                0.15964841842651367,
                1.0
            ],
            "Min": [
                0.4059857726097107,
                0.43772244453430176,
                0.08100202679634094,
                1.0
            ]
        },
        "isStaticColor": 1
    },
    "EmitterFrequency": {
        "emitterLife": 0,
        "interval": 0,
        "isLoop": 1,
        "isOnce": 0
    },
    "EmitterLocalTransform": {
        "translate": [
            0.0,
            0.0,
            0.0
        ]
    },
    "Parent": {
        "isParent": 0
    },
    "ParticleLifeSpan": {
        "Max": 1,
        "Min": 1,
        "isEmitterLife": 0
    },
    "ParticleLifeTime": {
        "Max": 60,
        "Min": 30
    },
    "RotateAnimation": {
        "initializeAngle": {
            "Max": 0.0,
            "Min": 0.0
        },
        "rotateSpeed": {
            "Max": 0.0,
            "Min": 0.0
        }
    },
    "ScaleAnimation": {
        "End": {
            "Max": [
                0.10000000149011612,
                0.10000000149011612,
                0.10000000149011612
            ],
            "Min": [
                0.10000000149011612,
                0.10000000149011612,
                0.10000000149011612
            ]
        },
        "Start": {
            "Max": [
                0.10000000149011612,
                0.10000000149011612,
                0.10000000149011612
            ],
            "Min": [
                0.10000000149011612,
                0.10000000149011612,
                0.10000000149011612
            ]
        },
        "isSame": 1,
        "isStaticSize": 1,
        "isUniformScale": 1
    },
    "Velocity3D": {
        "Max": [
            0.0,
            0.0,
            0.0
        ],
        "Min": [
            0.0,
            0.0,
            0.0
        ]
    },
    "textureIndex": "Resources/Images/GPUParticle.png"
}
