{
    "CollisionInfo": {
        "attribute": 4,
        "mask": 3
    },
    "EmitterColor": {
        "End": {
            "Max": [
                0.3334431052207947,
                0.8291814923286438,
                0.3369714319705963,
                1.0
            ],
            "Min": [
                0.10265828669071198,
                0.6868327260017395,
                0.293918251991272,
                1.0
            ]
        },
        "Start": {
            "Max": [
                0.3334431052207947,
                0.8291814923286438,
                0.3369714319705963,
                1.0
            ],
            "Min": [
                0.10265828669071198,
                0.6868327260017395,
                0.293918251991272,
                1.0
            ]
        },
        "isStaticColor": 1
    },
    "ParticleLifeSpan": {
        "Max": 70,
        "Min": 1
    },
    "RotateAnimation": {
        "initializeAngle": {
            "Max": 0.0,
            "Min": 0.0
        },
        "rotateSpeed": {
            "Max": 0.0,
            "Min": 0.0
        }
    },
    "ScaleAnimation": {
        "End": {
            "Max": [
                0.10000000149011612,
                0.10000000149011612,
                0.10000000149011612
            ],
            "Min": [
                0.10000000149011612,
                0.10000000149011612,
                0.10000000149011612
            ]
        },
        "Start": {
            "Max": [
                0.10000000149011612,
                0.10000000149011612,
                0.10000000149011612
            ],
            "Min": [
                0.10000000149011612,
                0.10000000149011612,
                0.10000000149011612
            ]
        },
        "isStaticSize": 1,
        "isUniformScale": 1
    },
    "Velocity3D": {
        "Max": [
            0.0,
            0.0,
            0.0
        ],
        "Min": [
            0.0,
            0.0,
            0.0
        ]
    },
    "textureIndex": "Resources/Images/GPUParticle.png"
}
