{
    "CollisionInfo": {
        "attribute": 1,
        "mask": 8
    },
    "EmitterColor": {
        "End": {
            "Max": [
                0.6644126772880554,
                0.5,
                0.800000011920929,
                1.0
            ],
            "Min": [
                0.47900351881980896,
                0.20000000298023224,
                0.6000000238418579,
                1.0
            ]
        },
        "Start": {
            "Max": [
                0.6644126772880554,
                0.5,
                0.800000011920929,
                1.0
            ],
            "Min": [
                0.47900351881980896,
                0.20000000298023224,
                0.6000000238418579,
                1.0
            ]
        },
        "isStaticColor": 1
    },
    "EmitterFrequency": {
        "emitterLife": 1,
        "interval": 0,
        "isLoop": 1,
        "isOnce": 0
    },
    "EmitterLocalTransform": {
        "translate": [
            2.5283613204956055,
            5.982889175415039,
            3.05245041847229
        ]
    },
    "Parent": {
        "isParent": 0
    },
    "ParticleLifeSpan": {
        "Max": 1,
        "Min": 1,
        "isEmitterLife": 0
    },
    "ParticleLifeTime": {
        "Max": 2,
        "Min": 1
    },
    "RotateAnimation": {
        "initializeAngle": {
            "Max": 0.0,
            "Min": 0.0
        },
        "rotate": 0.0,
        "rotateSpeed": {
            "Max": 0.0,
            "Min": 0.0
        }
    },
    "ScaleAnimation": {
        "End": {
            "Max": [
                0.009999999776482582,
                0.009999999776482582,
                0.009999999776482582
            ],
            "Min": [
                0.009999999776482582,
                0.009999999776482582,
                0.009999999776482582
            ]
        },
        "Start": {
            "Max": [
                0.009999999776482582,
                0.009999999776482582,
                0.009999999776482582
            ],
            "Min": [
                0.009999999776482582,
                0.009999999776482582,
                0.009999999776482582
            ]
        },
        "isSame": 0,
        "isStaticSize": 1,
        "isUniformScale": 1
    },
    "Velocity3D": {
        "Max": [
            0.0,
            0.0,
            0.0
        ],
        "Min": [
            0.0,
            0.0,
            0.0
        ]
    },
    "textureIndex": "Resources/Images/GPUParticle.png"
}
