{
    "CollisionInfo": {
        "attribute": 4,
        "mask": 3
    },
    "EmitterColor": {
        "End": {
            "Max": [
                0.07403656095266342,
                0.5622775554656982,
                0.18176224827766418,
                1.0
            ],
            "Min": [
                0.07825189083814621,
                0.6832740306854248,
                0.05592634156346321,
                1.0
            ]
        },
        "Start": {
            "Max": [
                0.07403656095266342,
                0.5622775554656982,
                0.18176224827766418,
                1.0
            ],
            "Min": [
                0.07825189083814621,
                0.6832740306854248,
                0.05592634156346321,
                1.0
            ]
        },
        "isStaticColor": 1
    },
    "ParticleLifeSpan": {
        "Max": 70,
        "Min": 1
    },
    "RotateAnimation": {
        "initializeAngle": {
            "Max": 0.0,
            "Min": 0.0
        },
        "rotateSpeed": {
            "Max": 0.0,
            "Min": 0.0
        }
    },
    "ScaleAnimation": {
        "End": {
            "Max": [
                0.10000000149011612,
                0.10000000149011612,
                0.10000000149011612
            ],
            "Min": [
                0.10000000149011612,
                0.10000000149011612,
                0.10000000149011612
            ]
        },
        "Start": {
            "Max": [
                0.10000000149011612,
                0.10000000149011612,
                0.10000000149011612
            ],
            "Min": [
                0.10000000149011612,
                0.10000000149011612,
                0.10000000149011612
            ]
        },
        "isStaticSize": 1,
        "isUniformScale": 1
    },
    "Velocity3D": {
        "Max": [
            0.0,
            0.0,
            0.0
        ],
        "Min": [
            0.0,
            0.0,
            0.0
        ]
    },
    "textureIndex": "Resources/Images/GPUParticle.png"
}
