{
    "CollisionInfo": {
        "attribute": 0,
        "mask": 0
    },
    "EmitterColor": {
        "End": {
            "Max": [
                0.13930097222328186,
                0.0559263601899147,
                0.3416370153427124,
                0.501960813999176
            ],
            "Min": [
                0.0364103764295578,
                0.14396832883358002,
                0.44483983516693115,
                0.16078431904315948
            ]
        },
        "Start": {
            "Max": [
                0.14901961386203766,
                0.05098039284348488,
                0.43529412150382996,
                1.0
            ],
            "Min": [
                0.06666667014360428,
                0.06666667014360428,
                0.48235294222831726,
                0.5411764979362488
            ]
        },
        "isStaticColor": 0
    },
    "EmitterFrequency": {
        "emitterLife": 0,
        "interval": 0,
        "isLoop": 1,
        "isOnce": 0
    },
    "EmitterLocalTransform": {
        "translate": [
            0.0,
            0.0,
            0.0
        ]
    },
    "EmitterTranslate": {
        "attraction": 0.0,
        "isEasing": 0,
        "radius": 0.0
    },
    "Parent": {
        "isParent": 0
    },
    "ParticleLifeSpan": {
        "Max": 99,
        "Min": 38,
        "isEmitterLife": 0
    },
    "RotateAnimation": {
        "initializeAngle": {
            "Max": 0.0,
            "Min": 0.0
        },
        "rotateSpeed": {
            "Max": 0.0,
            "Min": 0.0
        }
    },
    "ScaleAnimation": {
        "End": {
            "Max": [
                0.0,
                0.0,
                0.0
            ],
            "Min": [
                0.0,
                0.0,
                0.0
            ]
        },
        "Start": {
            "Max": [
                0.10000000149011612,
                0.10000000149011612,
                0.10000000149011612
            ],
            "Min": [
                0.05000000074505806,
                0.05000000074505806,
                0.05000000074505806
            ]
        },
        "isStaticSize": 0,
        "isUniformScale": 1
    },
    "Velocity3D": {
        "Max": [
            0.0,
            0.0,
            0.0
        ],
        "Min": [
            0.0,
            0.0,
            0.0
        ]
    },
    "textureIndex": "Resources/Images/GPUParticle.png"
}
